specialty,years_practicing,cms_prescription_counts
Nephrology,7,DOXAZOSIN MESYLATE
Nephrology,7,MIDODRINE HCL
Nephrology,7,MEGESTROL ACETATE
Nephrology,7,BENAZEPRIL HCL
Nephrology,7,METOLAZONE
Nephrology,7,NOVOLOG
Nephrology,7,DIAZEPAM
Nephrology,7,HYDRALAZINE HCL
Nephrology,7,SENSIPAR
Nephrology,7,LABETALOL HCL
Nephrology,7,PREDNISONE
Nephrology,7,CALCITRIOL
Nephrology,7,HYDROCODONE-ACETAMINOPHEN
Nephrology,7,HYDROCHLOROTHIAZIDE
Nephrology,7,LOSARTAN-HYDROCHLOROTHIAZIDE
Nephrology,7,FENOFIBRATE
Nephrology,7,MINOXIDIL
Nephrology,7,MELOXICAM
Nephrology,7,ATENOLOL
Nephrology,7,CARISOPRODOL
Nephrology,7,GABAPENTIN
Nephrology,7,OMEPRAZOLE
Nephrology,7,KLOR-CON M10
Nephrology,7,LANTUS
Nephrology,7,AMLODIPINE BESYLATE
Nephrology,7,CARVEDILOL
Nephrology,7,LOSARTAN POTASSIUM
Nephrology,7,IRBESARTAN
Nephrology,7,NIFEDICAL XL
Nephrology,7,NIFEDIPINE ER
Nephrology,7,LEVOTHYROXINE SODIUM
Nephrology,7,POTASSIUM CHLORIDE
Nephrology,7,FUROSEMIDE
Nephrology,7,GLYBURIDE
Nephrology,7,CLONIDINE HCL
Nephrology,7,TEMAZEPAM
Nephrology,7,SPIRONOLACTONE
Nephrology,7,LOVASTATIN
Nephrology,7,LISINOPRIL
Nephrology,7,PANTOPRAZOLE SODIUM
Nephrology,7,CALCIUM ACETATE
Nephrology,7,NEXIUM
Nephrology,7,ZOLPIDEM TARTRATE
Nephrology,7,DIOVAN
Nephrology,7,OXYCODONE HCL
Nephrology,7,METOPROLOL SUCCINATE
Nephrology,7,RANITIDINE HCL
Nephrology,7,ATORVASTATIN CALCIUM
Nephrology,7,TAMSULOSIN HCL
Nephrology,7,OXYBUTYNIN CHLORIDE
Nephrology,7,LISINOPRIL-HYDROCHLOROTHIAZIDE
Nephrology,7,METOPROLOL TARTRATE
Nephrology,7,AMLODIPINE BESYLATE-BENAZEPRIL
Nephrology,7,BUMETANIDE
Nephrology,7,BYSTOLIC
Nephrology,7,ISOSORBIDE MONONITRATE ER
Nephrology,7,ALLOPURINOL
Nephrology,7,CLOPIDOGREL
Nephrology,7,RENVELA
Nephrology,7,ABILIFY
Nephrology,7,SERTRALINE HCL
Nephrology,7,CIPROFLOXACIN HCL
Nephrology,7,SIMVASTATIN
Nephrology,7,PRAVASTATIN SODIUM
Nephrology,7,ATENOLOL-CHLORTHALIDONE
Nephrology,7,ALPRAZOLAM
Nephrology,7,AZITHROMYCIN
Nephrology,7,TRAMADOL HCL
General Practice,7,CEPHALEXIN
General Practice,7,AMOXICILLIN
General Practice,7,HYDROCODONE-ACETAMINOPHEN
General Practice,7,CEPHALEXIN
General Practice,7,AMOXICILLIN
General Practice,7,CLINDAMYCIN HCL
General Practice,7,AMOXICILLIN
Nephrology,6,PIOGLITAZONE HCL
Nephrology,6,BENAZEPRIL HCL
Nephrology,6,DIAZEPAM
Nephrology,6,HYDRALAZINE HCL
Nephrology,6,SENSIPAR
Nephrology,6,WARFARIN SODIUM
Nephrology,6,ESCITALOPRAM OXALATE
Nephrology,6,HYDROCODONE-ACETAMINOPHEN
Nephrology,6,NOVOLIN N
Nephrology,6,METFORMIN HCL
Nephrology,6,FOSRENOL
Nephrology,6,GLIPIZIDE
Nephrology,6,OMEPRAZOLE
Nephrology,6,METOPROLOL TARTRATE
Nephrology,6,QUETIAPINE FUMARATE
Nephrology,6,AMLODIPINE BESYLATE
Nephrology,6,CHLORTHALIDONE
Nephrology,6,SIMVASTATIN
Nephrology,6,LOSARTAN POTASSIUM
Nephrology,6,LABETALOL HCL
Nephrology,6,NIFEDIPINE ER
Nephrology,6,PRANDIN
Nephrology,6,PANTOPRAZOLE SODIUM
Nephrology,6,SYNTHROID
Nephrology,6,ENALAPRIL MALEATE
Nephrology,6,NORTRIPTYLINE HCL
Nephrology,6,CLONIDINE HCL
Nephrology,6,LISINOPRIL
Nephrology,6,LEVOTHYROXINE SODIUM
Nephrology,6,INDERAL LA
Nephrology,6,NEXIUM
Nephrology,6,AMOXICILLIN
Nephrology,6,ACTONEL
Nephrology,6,METHYLPHENIDATE HCL
Nephrology,6,ANDROGEL
Nephrology,6,RANITIDINE HCL
Nephrology,6,ATORVASTATIN CALCIUM
Nephrology,6,BUPROPION HCL
Nephrology,6,DIPHENOXYLATE-ATROPINE
Nephrology,6,CRESTOR
Nephrology,6,ZOLPIDEM TARTRATE
Nephrology,6,ALLOPURINOL
Nephrology,6,LORAZEPAM
Nephrology,6,CLOPIDOGREL
Nephrology,6,RENVELA
Nephrology,6,DONEPEZIL HCL
Nephrology,6,GABAPENTIN
Nephrology,6,ESTRADIOL
Nephrology,6,ATENOLOL
Nephrology,6,PRAVASTATIN SODIUM
Nephrology,6,HYDROXYZINE HCL
Nephrology,6,FLUTICASONE PROPIONATE
Nephrology,6,CALCITONIN-SALMON
